3149,9556001132222,MIXED VEGETABLES AND SOYA 120ML,NULL,1,60,69,BOX,NULL,NULL,NULL,NULL,NULL
3150,4801958240007,AJINOMOT UMAMI SSNG 100G,NULL,1,19.25,23,PCS,NULL,NULL,NULL,NULL,NULL
3151,748485400860,ANGEL EVAPORADA 365ML,NULL,1,20.5,26,CAN,NULL,NULL,NULL,NULL,NULL
3152,4800575142985,ALASKA CREMA-ASADA 2n1 410G,NULL,1,47,57,CAN,NULL,NULL,NULL,NULL,NULL
3153,4800130910127,GSM BLUE LIGHT GIN 700ML,LIQUOR,1,83,110,BOT,NULL,NULL,NULL,NULL,NULL
3154,4800011120614,CASINO ACTIVE 70% 150ML,ALCOHOL,1,28.1,32,BOT,NULL,NULL,NULL,NULL,NULL
3155,4807770273650,LUCKY ME SPICY LABUYO CHICKEN,NOODLES,1,8,10,PACK,NULL,NULL,NULL,NULL,NULL
3156,4800045340095,PRIDE CUT UP BAR WHITE,SOAP,1,4,6,PCS,NULL,NULL,NULL,NULL,NULL
3157,4801010524908,JOHNSONS ACTIVE KIDS CLEAN&GRESH W/FREE BABY OIL 50ML,BABY CARE,1,135,149,BOT,NULL,NULL,NULL,NULL,NULL
3158,4801010524007,JOHNSONS CLEAN,NULL,1,73.45,85,BOT,NULL,NULL,NULL,NULL,NULL
3159,8850007031307,JOHNSON BABY LOTION 200ML,NULL,1,128.75,145,BOT,NULL,NULL,NULL,NULL,NULL
3160,4806011812276,GOLDEN SPECIAL BIHON 200G,NULL,1,10.75,15,PCS,NULL,NULL,NULL,NULL,NULL
3161,4808680024271,BESTFOOD SALAD AND SANDWICH MATE 220ML,NULL,1,51.75,59,BOT,NULL,NULL,NULL,NULL,NULL
3162,7622210850386,CHEEZ WHIZ MILD 62G,PALAMAN,1,25.5,36,PCS,NULL,NULL,NULL,NULL,NULL
3163,4808680022277,LADY CHOICE TUNA SPREAD BOT 220ML,PALAMAN,1,97,110,BOT,NULL,NULL,NULL,NULL,NULL
3164,21959023643,TINY BUDS NAT. BBY. BOT. WASH 600ML+200ML FREE,BABY BATH,1,198,218,PACK,NULL,NULL,NULL,NULL,NULL
3165,21959023636,TINY BUDS NAT. BBY. BOT. WASH 200ML,BABY BATH,1,99,115,PACK,NULL,NULL,NULL,NULL,NULL
3166,8850007011132,JOHNSONS BABY POWDER 100G,BABY CARE,1,36.75,45,BOT,NULL,NULL,NULL,NULL,NULL
3167,4800095001243,PAGODA 120ML,NULL,1,74.5,85,BOT,NULL,NULL,NULL,NULL,NULL
3168,4800361331289,BEARBRAND STERILIZED 1L,MILK,1,81.5,95,BOT,NULL,NULL,NULL,NULL,NULL
3169,9556006000304,JOHNSONS BABY BATH GENTLE & SOAP FREE 200ML,BABY CARE,1,86.24,98,BOT,NULL,NULL,NULL,NULL,NULL
3170,4902430154239,JOY ANTIBAC SAFEGUARD RIFILL 175ML,DISHWASHING,1,48,58,PACK,NULL,NULL,NULL,NULL,NULL
3171,4800361392976,NIDO FORTIGROW 1.2KG,MILK,1,516.98,590,BOX,NULL,NULL,NULL,NULL,NULL
3172,4800016604232,NOVA BBQ 78G,CURLS,1,26,28,PCS,NULL,NULL,NULL,NULL,NULL
3173,4800016625534,VCUT SPICY BBQ 60G,CURLS,1,23,28,PCS,NULL,NULL,NULL,NULL,NULL
3174,4800016671500,PIATTOS SOUR CREAM 85G,CURLS,1,25.5,28,PCS,NULL,NULL,NULL,NULL,NULL
3175,4800344001949,SILVER SWAN SOY SAUCE 200ML,SOY SAUCE,1,7,10,PCS,NULL,NULL,NULL,NULL,NULL
3176,4806506152405,TOILY 6S,TISSUE,1,50.1,68,PACK,NULL,NULL,NULL,NULL,NULL
3177,34806501597607,SOFT WHITE,NULL,1,8,10,PCS,NULL,NULL,NULL,NULL,NULL
3178,4806506151125,SOFT WHITE,NULL,1,8,10,PCS,NULL,NULL,NULL,NULL,NULL
3179,4806522630352,SINUZIP 500MG/20MG,COFFEE,1,10,12,PCS,NULL,NULL,NULL,NULL,NULL
3180,4800888136688,SURF BLOSSOM FRESH 360G,DETERGENT,1,22.6,25,BAR,NULL,NULL,NULL,NULL,NULL
3181,4800888219343,SURF BAR ANTIBACTERIAL 120G,BARSOAP,1,8.5,12,PCS,NULL,NULL,NULL,NULL,NULL
3182,4800888219336,SURF BAR ANTIACTERIAL 360,BAR SOAP,1,22.6,25,PCS,NULL,NULL,NULL,NULL,NULL
3183,4800888139634,PONDS WB PORE CONDITIONING TONER 60ML,TONER,1,64.44,78,BOT,NULL,NULL,NULL,NULL,NULL
3184,2122021253,BESTFOOD MAYO MAGIC 470ML,NULL,1,90.6,110,PCS,NULL,NULL,NULL,NULL,NULL
